id;publication_date;content;last_modified_date;start_time;end_time
1;2023-03-20T17:39:14;копирование;2023-03-21T02:55:45;2023-03-20T15:52:22;2023-03-20T12:29:15
2;2023-03-20T11:14:08;Credit;2023-03-20T23:27:21;2023-03-21T02:35:04;2023-03-20T20:56:27
3;2023-03-21T04:59:26;продукт deposit сжать;2023-03-20T15:46:26;2023-03-21T08:59:25;2023-03-21T06:44:52
4;2023-03-21T10:23:36;Региональный Home;2023-03-21T07:10:07;2023-03-21T09:49:30;2023-03-20T21:36:32
5;2023-03-21T06:47:03;Bedfordshire оператор Липецкая;2023-03-20T19:39:56;2023-03-21T04:03:33;2023-03-20T14:35:09
6;2023-03-20T16:13:22;Национальный Cambridgeshire fault-tolerant;2023-03-21T04:30:08;2023-03-20T10:55:17;2023-03-20T17:51:31
7;2023-03-21T06:17:16;front-end Резиновый;2023-03-20T23:02:33;2023-03-21T06:36:14;2023-03-20T14:34:19
8;2023-03-20T15:06:22;disintermediate Эргономичный аналитик;2023-03-20T14:00:17;2023-03-20T21:50:02;2023-03-20T11:21:42
9;2023-03-20T22:12:52;infrastructure обойти площадь;2023-03-20T13:38:07;2023-03-20T19:31:25;2023-03-21T02:47:50
10;2023-03-21T10:52:06;оптический Стальной ул.;2023-03-21T05:53:45;2023-03-20T20:07:40;2023-03-20T11:48:46
